image,class
WA01_2015_10_1_15_45_4_684043_id1.bmp,4
WA01_2015_10_1_15_45_4_684043_id10.bmp,4
WA01_2015_10_1_15_45_4_684043_id2.bmp,4
WA01_2015_10_1_15_45_4_684043_id3.bmp,4
WA01_2015_10_1_15_45_4_684043_id4.bmp,4
WA01_2015_10_1_15_45_4_684043_id5.bmp,4
WA01_2015_10_1_15_45_4_684043_id6.bmp,4
WA01_2015_10_1_15_45_4_684043_id7.bmp,4
WA01_2015_10_1_15_45_4_684043_id8.bmp,4
WA01_2015_10_1_15_45_4_684043_id9.bmp,4
WA01_2015_10_1_16_10_39_129950_id1.bmp,4
WA01_2015_10_1_16_10_39_129950_id2.bmp,4
WA01_2015_10_1_16_10_39_129950_id3.bmp,4
WA01_2015_10_1_16_10_39_129950_id4.bmp,4
WA01_2015_10_1_16_10_39_129950_id5.bmp,4
WA01_2015_10_1_16_10_39_129950_id6.bmp,4
WA01_2015_10_1_16_14_44_654612_id1.bmp,4
WA01_2015_10_1_16_14_44_654612_id2.bmp,4
WA01_2015_10_1_16_14_44_654612_id3.bmp,4
WA01_2015_10_2_8_3_41_280928_id1.bmp,4
WA01_2015_10_2_8_5_37_548677_id6.bmp,4
WA01_2015_10_2_8_5_37_548677_id7.bmp,4
WA01_2015_10_2_8_5_37_548677_id8.bmp,4
WA01_2015_10_2_8_5_37_548677_id9.bmp,4
WA01_2015_10_3_8_42_40_214356_id2.bmp,4
WA01_2015_10_3_8_42_40_214356_id3.bmp,4
WA01_2015_10_3_8_43_29_583762_id2.bmp,4
WA01_2015_10_3_8_43_29_583762_id3.bmp,4
WA01_2015_11_20_13_11_56_596742_id2.bmp,4
WA01_2015_11_20_13_11_56_596742_id3.bmp,4
WA01_2015_11_20_13_11_56_596742_id5.bmp,4
WA01_2015_11_20_13_11_56_596742_id6.bmp,4
WA01_2015_11_20_13_11_56_596742_id7.bmp,4
WA01_2015_11_20_13_14_3_663013_id10.bmp,4
WA01_2015_11_20_13_14_3_663013_id3.bmp,4
WA01_2015_11_20_13_14_3_663013_id9.bmp,4
WA01_2015_11_20_16_2_45_310547_id3.bmp,4
WA01_2015_11_20_16_2_45_310547_id4.bmp,4
WA01_2015_11_20_7_57_48_325836_id1.bmp,4
WA01_2015_11_20_7_57_48_325836_id2.bmp,4
WA01_2015_11_20_7_57_48_325836_id5.bmp,4
WA01_2015_11_20_7_57_48_325836_id6.bmp,4
WA01_2015_11_20_7_57_48_325836_id7.bmp,4
WA01_2015_11_20_7_57_6_571366_id1.bmp,4
WA01_2015_11_20_7_57_6_571366_id2.bmp,4
WA01_2015_11_20_7_57_6_571366_id3.bmp,4
WA01_2015_11_20_7_57_6_571366_id6.bmp,4
WA01_2015_11_20_7_57_6_571366_id9.bmp,4
WA01_2015_11_21_13_20_51_394266_id10.bmp,4
WA01_2015_11_21_13_22_23_134274_id1.bmp,4
WA01_2015_11_21_13_22_23_134274_id2.bmp,4
WA01_2015_11_21_13_24_5_636357_id1.bmp,4
WA01_2015_11_21_13_24_5_636357_id3.bmp,4
WA01_2015_11_22_13_58_41_869281_id1.bmp,4
WA01_2015_11_22_13_58_41_869281_id2.bmp,4
WA01_2015_11_22_13_58_41_869281_id3.bmp,4
WA01_2015_11_22_14_1_37_767150_id2.bmp,4
WA01_2015_11_22_15_18_34_842918_id3.bmp,4
WA01_2015_11_22_15_18_34_842918_id9.bmp,4
WA01_2015_11_22_15_19_7_457677_id1.bmp,4
WA01_2015_11_22_15_19_7_457677_id2.bmp,4
WA01_2015_11_22_15_19_7_457677_id3.bmp,4
WA01_2015_11_22_15_19_7_457677_id4.bmp,4
WA01_2015_11_22_15_19_7_457677_id7.bmp,4
WA01_2015_11_22_15_19_7_457677_id8.bmp,4
WA01_2015_11_22_15_22_23_204097_id3.bmp,4
WA01_2015_11_22_15_22_23_204097_id4.bmp,4
WA01_2015_11_22_15_22_23_204097_id5.bmp,4
WA01_2015_11_22_15_22_23_204097_id6.bmp,4
WA01_2015_11_22_15_23_0_197507_id2.bmp,4
WA01_2015_11_22_15_23_54_402194_id7.bmp,4
WA01_2015_11_22_2_32_43_89399_id10.bmp,4
WA01_2015_11_22_2_32_43_89399_id9.bmp,4
WA01_2015_11_23_1_45_9_434874_id10.bmp,4
WA01_2015_11_23_1_45_9_434874_id8.bmp,4
WA01_2015_11_23_1_45_9_434874_id9.bmp,4
WA01_2015_11_27_15_14_12_853422_id1.bmp,4
WA01_2015_11_27_15_14_12_853422_id2.bmp,4
WA01_2015_11_28_15_45_38_626553_id10.bmp,4
WA01_2015_11_28_15_45_38_626553_id2.bmp,4
WA01_2015_11_28_15_45_38_626553_id3.bmp,4
WA01_2015_11_28_15_45_38_626553_id6.bmp,4
WA01_2015_11_28_15_48_28_882974_id6.bmp,4
WA01_2015_11_28_15_48_28_882974_id7.bmp,4
WA01_2015_11_28_15_48_28_882974_id8.bmp,4
WA01_2015_11_28_15_48_28_882974_id9.bmp,4
WA01_2015_11_28_8_58_41_147364_id10.bmp,4
WA01_2015_11_28_8_58_41_147364_id7.bmp,4
WA01_2015_11_28_8_58_41_147364_id9.bmp,4
WA01_2015_11_28_8_59_11_231523_id10.bmp,4
WA01_2015_11_28_8_59_11_231523_id8.bmp,4
WA01_2015_11_28_8_59_11_231523_id9.bmp,4
WA01_2015_11_29_15_28_12_491340_id10.bmp,4
WA01_2015_11_29_15_28_12_491340_id7.bmp,4
WA01_2015_11_29_15_28_12_491340_id8.bmp,4
WA01_2015_11_29_15_28_12_491340_id9.bmp,4
WA01_2015_11_29_15_30_1_482147_id1.bmp,4
WA01_2015_11_29_15_30_1_482147_id10.bmp,4
WA01_2015_11_29_15_30_1_482147_id2.bmp,4
WA01_2015_11_29_15_30_1_482147_id3.bmp,4
WA01_2015_11_29_15_30_1_482147_id9.bmp,4
WA01_2015_11_29_15_30_38_229793_id10.bmp,4
WA01_2015_11_29_15_30_38_229793_id3.bmp,4
WA01_2015_11_29_15_30_38_229793_id4.bmp,4
WA01_2015_11_29_15_30_38_229793_id7.bmp,4
WA01_2015_11_29_15_30_38_229793_id9.bmp,4
WA01_2015_11_29_8_46_42_467088_id1.bmp,4
WA01_2015_11_30_14_34_49_443658_id3.bmp,4
WA01_2015_11_30_14_34_49_443658_id4.bmp,4
WA01_2015_11_30_14_34_49_443658_id5.bmp,4
WA01_2015_11_30_14_34_49_443658_id6.bmp,4
WA01_2015_11_30_15_40_51_924448_id1.bmp,4
WA01_2015_11_30_15_42_30_575596_id8.bmp,4
WA01_2015_11_30_15_42_30_575596_id9.bmp,4
WA01_2015_11_30_16_40_54_288386_id1.bmp,4
WA01_2015_11_30_16_40_54_288386_id10.bmp,4
WA01_2015_11_30_16_40_54_288386_id2.bmp,4
WA01_2015_11_30_16_40_54_288386_id3.bmp,4
WA01_2015_11_30_16_40_54_288386_id4.bmp,4
WA01_2015_11_30_16_40_54_288386_id7.bmp,4
WA01_2015_11_30_22_29_3_104103_id2.bmp,4
WA01_2015_11_30_22_29_3_104103_id4.bmp,4
WA01_2015_11_30_22_29_3_104103_id5.bmp,4
WA01_2015_11_30_22_29_3_104103_id6.bmp,4
WA01_2015_11_30_22_29_3_104103_id7.bmp,4
WA01_2015_11_30_22_29_3_104103_id8.bmp,4
WA01_2015_11_30_22_29_3_104103_id9.bmp,4
WA01_2015_11_30_22_29_43_138567_id1.bmp,4
WA01_2015_11_30_22_29_43_138567_id10.bmp,4
WA01_2015_11_30_22_29_43_138567_id7.bmp,4
WA01_2015_11_30_22_29_43_138567_id9.bmp,4
WA01_2015_11_30_8_43_4_764306_id10.bmp,4
WA01_2015_11_30_8_43_4_764306_id3.bmp,4
WA01_2015_11_30_8_43_4_764306_id4.bmp,4
WA01_2015_11_30_8_43_4_764306_id5.bmp,4
WA01_2015_11_30_8_43_4_764306_id6.bmp,4
WA01_2015_11_30_8_43_4_764306_id7.bmp,4
WA01_2015_11_30_8_43_4_764306_id8.bmp,4
WA01_2015_11_30_8_45_7_813862_id1.bmp,4
WA01_2015_11_30_8_45_7_813862_id10.bmp,4
WA01_2015_11_30_8_45_7_813862_id2.bmp,4
WA01_2015_11_30_8_45_7_813862_id3.bmp,4
WA01_2015_11_30_8_45_7_813862_id4.bmp,4
WA01_2015_11_30_8_45_7_813862_id5.bmp,4
WA01_2015_11_30_8_45_7_813862_id6.bmp,4
WA01_2015_11_30_8_45_7_813862_id7.bmp,4
WA01_2015_11_30_8_45_7_813862_id8.bmp,4
WA01_2015_11_30_8_45_7_813862_id9.bmp,4
WA08_2016_10_14_9_56_33_159977_id1.bmp,4
WA08_2016_10_14_9_56_33_159977_id2.bmp,4
WA08_2016_10_14_9_56_33_159977_id3.bmp,4
WA08_2016_10_14_9_56_33_159977_id4.bmp,4
WA08_2016_10_14_9_56_33_159977_id5.bmp,4
WA08_2016_10_14_9_56_33_159977_id6.bmp,4
WA08_2016_10_14_9_56_33_159977_id7.bmp,4
WA08_2016_10_14_9_56_33_159977_id8.bmp,4
WA08_2016_10_19_16_29_25_714366_id1.bmp,4
WA08_2016_10_19_16_29_25_714366_id2.bmp,4
WA08_2016_10_19_16_29_25_714366_id3.bmp,4
WA08_2016_10_19_16_29_25_714366_id4.bmp,4
WA08_2016_10_19_16_29_25_714366_id5.bmp,4
WA08_2016_10_19_16_29_25_714366_id6.bmp,4
WA08_2016_10_19_16_29_25_714366_id7.bmp,4
WA08_2016_10_1_9_35_33_254280_id2.bmp,4
WA08_2016_10_1_9_35_33_254280_id3.bmp,4
WA08_2016_10_1_9_35_33_254280_id4.bmp,4
WA08_2016_10_1_9_35_33_254280_id8.bmp,4
WA08_2016_10_8_8_7_31_369949_id1.bmp,4
WA08_2016_10_8_8_7_31_369949_id2.bmp,4
WA08_2016_10_8_8_7_31_369949_id3.bmp,4
WA08_2016_10_8_8_7_31_369949_id4.bmp,4
WA08_2016_10_8_8_7_31_369949_id5.bmp,4
